1,10.27.0.0/16,10.27.0.0 - 10.27.255.255,Conflict,Conflict,Branch-Office,Remote Sites,Careplus centers,,,Yes,Yes,Yes
2,10.168.0.0/16,10.168.0.0 - 10.168.255.255,Conflict,Conflict,Branch-Office,Remote Sites,All-In-One Ranges,,,Yes,Yes,Yes
3,10.17.0.0/16,10.17.0.0 - 10.17.255.255,CVS,Retail,Branch-Office,Remote Sites,Uplinks for RI Campus User Network,,,Routed to CVS,Yes,Yes
4,10.21.0.0/16,10.21.0.0 - 10.21.255.255,CVS,Retail,Branch-Office,Remote Sites,1CVS User Networks,,,Routed to CVS,Yes,Yes
5,10.24.0.0/16,10.24.0.0 - 10.24.255.255,CVS,PBM,Branch-Office,Remote Sites,Richardson TX - Campbell,,,Routed to CVS,Yes,Yes
6,10.25.0.0/16,10.25.0.0 - 10.25.255.255,CVS,PBM,Branch-Office,Remote Sites,PBM Remote Sites,,,No,Yes,No
7,10.26.0.0/16,10.26.0.0 - 10.26.255.255,CVS,Retail,Branch-Office,Remote Sites,Cumberland 200HCD - User Networks,,,No,Yes,Yes
8,10.30.0.0/16,10.30.0.0 - 10.30.255.255,CVS,PBM,Branch-Office,Remote Sites,PBM Remote Sites,,,No,Yes,Yes
9,10.31.0.0/16,10.31.0.0 - 10.31.255.255,CVS,Retail,Branch-Office,Remote Sites,User Networks fro RI Campus,,,Routed to CVS (Partial),Yes,Yes
10,10.32.0.0/16,10.32.0.0 - 10.32.255.255,CVS,PBM,Branch-Office,Remote Sites,Scottsdale AZ Gateway,,,No,No,No
11,10.34.0.0/16,10.34.0.0 - 10.34.255.255,CVS,PBM,Branch-Office,Remote Sites,Call Center - Knoxville TN,,,No,Yes,Yes
12,10.35.0.0/16,10.35.0.0 - 10.35.255.255,CVS,PBM,Branch-Office,Remote Sites,Mail Order - Wilkes Barre PA,,,No,Yes,Yes
13,10.37.0.0/16,10.37.0.0 - 10.37.255.255,CVS,PBM,Branch-Office,Remote Sites,Vendor - Mattersight,,,No,Yes,Yes
14,10.38.0.0/16,10.38.0.0 - 10.38.255.255,CVS,PBM,Branch-Office,Remote Sites,PBM Remote Sites - Specialty - MailOrder,,,Routed to CVS,Yes,Yes
15,10.39.0.0/16,10.39.0.0 - 10.39.255.255,CVS,PBM,Branch-Office,Remote Sites,PBM Remote Sites - Specialty,,,No,Yes,Yes
16,10.48.0.0/16,10.48.0.0 - 10.48.255.255,CVS,PBM,Branch-Office,Remote Sites,PBM Remote Sites - Coram,,,Routed to CVS,Yes,Yes
17,10.49.0.0/16,10.49.0.0 - 10.49.255.255,CVS,PBM,Branch-Office,Remote Sites,PBM Remote Sites - Coram,,,Routed to CVS,Yes,Yes
18,10.51.0.0/16,10.51.0.0 - 10.51.255.255,CVS,Retail,Branch-Office,Remote Sites,User Networks fro RI Campus,,,No,Yes,Yes
19,10.58.0.0/16,10.58.0.0 - 10.58.255.255,CVS,PBM,Branch-Office,Remote Sites,PBM Remote Sites - Coram (MNC),,,No,Yes,Yes
20,10.64.0.0/16,10.64.0.0 - 10.64.255.255,CVS,Retail,Branch-Office,Remote Sites,"Remote Sites (CNR, ORA) and 1CVS Data Center",,,No,Yes,Yes
21,10.69.0.0/16,10.69.0.0 - 10.69.255.255,CVS,PBM,Branch-Office,Remote Sites,PBM Remote Sites - Coram,,,No,Yes,Yes
22,10.71.0.0/16,10.71.0.0 - 10.71.255.255,CVS,PBM,Branch-Office,Remote Sites,PBM Remote Sites,,,No,Yes,Yes
23,10.75.0.0/16,10.75.0.0 - 10.75.255.255,CVS,PBM,Branch-Office,Remote Sites,Corp - Buffalo Grove IL,,,No,Yes,Yes
24,10.76.0.0/16,10.76.0.0 - 10.76.255.255,CVS,PBM,Branch-Office,Remote Sites,Mount Prospect,,,No,Yes,Yes
25,10.81.0.0/16,10.81.0.0 - 10.81.255.255,CVS,PBM,Branch-Office,Remote Sites,Speciality - PA Monroville,,,Routed to CVS,Yes,Yes
26,10.84.0.0/16,10.84.0.0 - 10.84.255.255,CVS,PBM,Branch-Office,Remote Sites,Pittsburgh PA RIDC2 Office,,,Routed to CVS,Yes,Yes
27,10.87.0.0/16,10.87.0.0 - 10.87.255.255,CVS,PBM,Branch-Office,Remote Sites,Call Center - Greensboro NC,,,No,Yes,Yes
28,10.88.0.0/16,10.88.0.0 - 10.88.255.255,CVS,PBM,Branch-Office,Remote Sites,Solon OH MedicareD,,,Yes,Yes,Yes
29,10.89.0.0/16,10.89.0.0 - 10.89.255.255,CVS,PBM,Branch-Office,Remote Sites,PA Wilkes Barre - Old Network,,,Routed to CVS (Aetna CleanUp),Yes,Yes
30,10.90.0.0/16,10.90.0.0 - 10.90.255.255,CVS,PBM,Branch-Office,Remote Sites,Specialty - Redlands CA,,,Routed to CVS (Aetna CleanUp),Yes,Yes
31,10.91.0.0/16,10.91.0.0 - 10.91.255.255,CVS,PBM,Branch-Office,Remote Sites,Mail OrderMount Prospect Mail Order,,,Routed to CVS (Aetna CleanUp),Yes,Yes
32,10.95.0.0/16,10.95.0.0 - 10.95.255.255,CVS,PBM,Branch-Office,Remote Sites,Pittsburgh PA Office (PIH),,,Yes,Yes,Yes
33,10.100.0.0/16,10.100.0.0 - 10.100.255.255,CVS,PBM,Branch-Office,Remote Sites,Bloomington MN - Conflict with Omnicare,,,Routed to CVS,Yes,Yes
34,10.111.0.0/16,10.111.0.0 - 10.111.255.255,CVS,PBM,Branch-Office,Remote Sites,Irving TX Operations/Corp,,,Routed to CVS,Yes,Yes
35,10.112.128.0/17,10.112.128.0 - 10.112.255.255,CVS,PBM,Branch-Office,Remote Sites,Call Center - San Antonio TX ROCC,,,Yes,Yes,Yes
36,10.113.0.0/16,10.113.0.0 - 10.113.255.255,CVS,PBM,Branch-Office,Remote Sites,Call Center - San Antonio TX AD1 Mailorder/CC,,,Yes,Yes,Yes
37,10.120.0.0/16,10.120.0.0 - 10.120.255.255,CVS,PBM,Branch-Office,Remote Sites,Call Center - Lees Summit MO - Mixed with Omnicare,,,No,Yes,Yes
38,10.121.0.0/16,10.121.0.0 - 10.121.255.255,CVS,PBM,Branch-Office,Remote Sites,Call Center - Lees Summit MO - Mixed with Omnicare,,,No,Yes,Yes
39,10.122.0.0/16,10.122.0.0 - 10.122.255.255,CVS,Retail,Branch-Office,Remote Sites,Omnicare,,,No,No,No
40,10.125.0.0/16,10.125.0.0 - 10.125.255.255,CVS,PBM,Branch-Office,Remote Sites,Call Center - Cotton Center AZ,,,Routed to CVS,Yes,Yes
41,10.126.0.0/16,10.126.0.0 - 10.126.255.255,CVS,PBM,Branch-Office,Remote Sites,Phoenix ROCC Supernet,,,No,No,No
42,10.135.0.0/16,10.135.0.0 - 10.135.255.255,CVS,Retail,Branch-Office,Remote Sites,Retail RBO (Meraki) - Micro Office,,,No,Yes,Yes
43,10.136.0.0/16,10.136.0.0 - 10.136.255.255,CVS,Retail,Branch-Office,Meraki Micro Sites,Retail RBO (Meraki) - Micro Office,,,Routed to CVS,Yes,Yes
44,10.137.0.0/16,10.137.0.0 - 10.137.255.255,CVS,PBM,Branch-Office,Remote Sites,Retail RBO (Meraki) - Micro Office,,,No,Yes,Yes
45,10.145.0.0/16,10.145.0.0 - 10.145.255.255,CVS,PBM,Branch-Office,Remote Sites,MPLS - PE-CE Links,,,No,No,No
46,10.147.0.0/16,10.147.0.0 - 10.147.255.255,CVS,Retail,Branch-Office,Remote Sites,Regional Business Offices VOIP Networks,,,No,Yes,Yes
47,10.150.0.0/16,10.150.0.0 - 10.150.255.255,CVS,PBM,Branch-Office,Remote Sites,Call Center - FlorhamPark NJ,,,No,Yes,Yes
48,10.151.0.0/16,10.151.0.0 - 10.151.255.255,CVS,PBM,Branch-Office,Remote Sites,Call Center - Orlando FL,,,Routed to CVS (GLR),Yes,Yes
49,10.152.0.0/16,10.152.0.0 - 10.152.255.255,CVS,PBM,Branch-Office,Remote Sites,Corporate - Phoenix 444 North 44th st,,,No,Yes,Yes
50,10.153.0.0/16,10.153.0.0 - 10.153.255.255,CVS,Retail,Branch-Office,Remote Sites,Distribution Center - Fredericksburg,,,No,Yes,Yes
51,10.154.0.0/16,10.154.0.0 - 10.154.255.255,CVS,Retail,Branch-Office,Remote Sites,Distribution-Center Fredericksburgh,,,No,Yes,Yes
52,10.160.0.0/16,10.160.0.0 - 10.160.255.255,CVS,Retail,Branch-Office,Remote Sites,Corporate - Boston (Mixed with PBM Tualitin OR),,,No,Yes,Yes
53,10.172.0.0/16,10.172.0.0 - 10.172.255.255,CVS,Retail,Branch-Office,Remote Sites,DistributionCenter - Lumberton,,,No,Yes,Yes
54,10.182.0.0/16,10.182.0.0 - 10.182.255.255,CVS,PBM,Branch-Office,Remote Sites,Call Center - LasVegas,,,Routed to CVS,Yes,Yes
55,10.183.0.0/16,10.183.0.0 - 10.183.255.255,CVS,Retail,Branch-Office,Remote Sites,DistributionCenter - Loudon,,,No,No,No
56,10.185.0.0/16,10.185.0.0 - 10.185.255.255,CVS,Retail,Branch-Office,Remote Sites,DistributionCenter - Indianapolis,,,No,Yes,Yes
57,10.187.0.0/16,10.187.0.0 - 10.187.255.255,CVS,Retail,Branch-Office,Remote Sites,DistributionCenter - Somerset,,,No,Yes,Yes
58,10.188.0.0/16,10.188.0.0 - 10.188.255.255,CVS,Retail,Branch-Office,Remote Sites,DistributionCenter - North Agusta,,,Yes,Yes,Yes
59,10.189.0.0/16,10.189.0.0 - 10.189.255.255,CVS,Retail,Branch-Office,Remote Sites,"DistributionCenter - Ennis, Conroe",,,Routed to CVS,Yes,Yes
60,10.190.0.0/16,10.190.0.0 - 10.190.255.255,CVS,Retail,Branch-Office,Remote Sites,"DistributionCenter - Woonsocket, Warwick, NorthSmithfield",,,Routed to CVS,Yes,Yes
61,10.191.0.0/16,10.191.0.0 - 10.191.255.255,CVS,Retail,Branch-Office,Remote Sites,DistributionCenter - Lumberton,,,Routed to CVS,Yes,Yes
62,10.192.0.0/16,10.192.0.0 - 10.192.255.255,CVS,Retail,Branch-Office,Remote Sites,"Distribution Center - Davenport, Augusta, NorthAgusta, Orlando",,,Routed to CVS,Yes,Yes
63,10.193.0.0/16,10.193.0.0 - 10.193.255.255,CVS,Retail,Branch-Office,Remote Sites,"DistributionCenter - Bessemer, Knoxville",,,Routed to CVS,Yes,Yes
64,10.194.0.0/16,10.194.0.0 - 10.194.255.255,CVS,Retail,Branch-Office,Remote Sites,"DistributionCenter - Indianapolis, Greenfield",,,Routed to CVS,Yes,Yes
65,10.199.0.0/16,10.199.0.0 - 10.199.255.255,CVS,Retail,Branch-Office,Remote Sites,Loopback Addresses / Uplinks,,,No,Yes,Yes
66,10.202.0.0/16,10.202.0.0 - 10.202.255.255,CVS,Retail,Branch-Office,Remote Sites,"Omnicare - DePlaines, IA",,,No,Yes,Yes
67,10.206.0.0/16,10.206.0.0 - 10.206.255.255,CVS,PBM,Branch-Office,Meraki Micro Sites,Retail RBO (Meraki) - Micro Office,,,Routed to CVS,Yes,Yes
68,10.213.0.0/16,10.213.0.0 - 10.213.255.255,CVS,Retail,Branch-Office,Remote Sites,DistributionCenter - Novi,,,No,Yes,Yes
69,10.215.0.0/16,10.215.0.0 - 10.215.255.255,CVS,Retail,Branch-Office,Remote Sites,Rhode Island Campus Nework User Networks,,,Routed to CVS,No,No
70,10.224.0.0/16,10.224.0.0 - 10.224.255.255,CVS,Retail,Branch-Office,Remote Sites,Omnicare,,,No,Yes,Yes
71,10.225.0.0/16,10.225.0.0 - 10.225.255.255,CVS,Retail,Branch-Office,Remote Sites,Omnicare,,,No,Yes,Yes
72,10.232.0.0/16,10.232.0.0 - 10.232.255.255,CVS,Retail,Branch-Office,Remote Sites,Omnicare,,,Routed to CVS,Yes,Yes
73,10.233.0.0/16,10.233.0.0 - 10.233.255.255,CVS,Retail,Branch-Office,Remote Sites,Omnicare,,,No,Yes,Yes
74,10.234.0.0/16,10.234.0.0 - 10.234.255.255,CVS,Retail,Branch-Office,Remote Sites,Omnicare,,,No,Yes,Yes
75,10.235.0.0/16,10.235.0.0 - 10.235.255.255,CVS,Retail,Branch-Office,Remote Sites,Omnicare,,,Routed to CVS,Yes,Yes
76,10.238.0.0/16,10.238.0.0 - 10.238.255.255,CVS,Retail,Branch-Office,Remote Sites,Minute Clinic,,,No,Yes,Yes
77,10.239.0.0/16,10.239.0.0 - 10.239.255.255,CVS,Retail,Branch-Office,Remote Sites,Clinical Services,,,No,Yes,Yes
78,10.240.0.0/16,10.240.0.0 - 10.240.255.255,CVS,Retail,Branch-Office,Remote Sites,Fortin - Print Shop,,,No,No,No
79,10.241.0.0/16,10.241.0.0 - 10.241.255.255,CVS,Retail,Branch-Office,Remote Sites,Minute Clinic,,,No,Yes,Yes
80,10.254.0.0/16,10.254.0.0 - 10.254.255.255,CVS,Retail,Branch-Office,Remote Sites,Innovation Lab,,,Routed to CVS,Yes,Yes
81,10.2.0.0/16,10.2.0.0 - 10.2.255.255,HCB,Aetna,Branch-Office,Remote Sites,Loopbacks,,,Yes,No,No
82,10.12.0.0/16,10.12.0.0 - 10.12.255.255,HCB,Aetna,Branch-Office,Remote Sites,Router Uplink,,,Yes,No,No
83,10.13.0.0/16,10.13.0.0 - 10.13.255.255,HCB,Aetna,Branch-Office,Remote Sites,Branch Switch Uplink,,,Yes,No,No
84,10.14.0.0/16,10.14.0.0 - 10.14.255.255,HCB,Aetna,Branch-Office,Remote Sites,Loopbacks,,,Yes,No,No
85,10.15.0.0/16,10.15.0.0 - 10.15.255.255,HCB,Aetna,Branch-Office,Remote Sites,Firewall Networks - Uplinks,,,Yes,No,No
86,10.22.0.0/16,10.22.0.0 - 10.22.255.255,HCB,Aetna,Branch-Office,Remote Sites,MPLS - AT&T PE-CE,,,Yes,No,No
87,10.23.0.0/16,10.23.0.0 - 10.23.255.255,HCB,Aetna,Branch-Office,Remote Sites,Aetna Remote Sites,,,Yes,Yes,Yes
88,10.41.0.0/16,10.41.0.1 - 10.41.255.254,HCB,Aetna,Branch-Office,Remote Sites,International MPLS PE-CE,,,No,No,No
89,10.50.0.0/16,10.50.0.1 - 10.50.255.254,HCB,Aetna,Branch-Office,Remote Sites,SD-WAN POC,,,Yes,No,No
90,10.80.0.0/16,10.80.0.1 - 10.80.255.254,HCB,Aetna,Branch-Office,Remote Sites,Aetna Remote Sites,,,Yes,No,No
91,10.96.0.0/16,10.96.0.1 - 10.96.255.254,HCB,Aetna,Branch-Office,Remote Sites,iTriage (Non Aetna) Network,,,Yes,No,No
92,10.101.0.0/16,10.101.0.1 - 10.101.255.254,HCB,Aetna,Branch-Office,Remote Sites,Aetna Remote Sites,,,Routed to CVS (Partial),Yes,Yes
93,10.106.0.0/16,10.106.0.1 - 10.106.255.254,HCB,Aetna,Branch-Office,Remote Sites,Firewall Networks,,,Yes,Yes,Yes
94,10.107.0.0/16,10.107.0.1 - 10.107.255.254,HCB,Aetna,Branch-Office,Remote Sites,Firewall Networks,,,Yes,Yes,Yes
95,10.108.0.0/16,10.108.0.1 - 10.108.255.254,HCB,Aetna,Branch-Office,Remote Sites,Firewall Networks,,,Yes,No,No
96,10.109.0.0/16,10.109.0.1 - 10.109.255.254,HCB,Aetna,Branch-Office,Remote Sites,Firewall Networks,,,Yes,Yes,Yes
97,10.115.0.0/16,10.115.0.1 - 10.115.255.254,HCB,Aetna,Branch-Office,Remote Sites,Branch Office - WiFi Subnets,,,Yes,No,No
98,10.116.0.0/16,10.116.0.1 - 10.116.255.254,HCB,Aetna,Branch-Office,Remote Sites,Branch Office - WiFi Subnets,,,Yes,No,No
99,10.130.0.0/16,10.130.0.1 - 10.130.255.254,HCB,Aetna,Branch-Office,Remote Sites,Branch Office - Farm1,,,Yes,No,No
100,10.132.0.0/16,10.132.0.1 - 10.132.255.254,HCB,Aetna,Branch-Office,Remote Sites,Aetna Remote Sites,,,No,No,No
101,10.140.0.0/16,10.140.0.1 - 10.140.255.254,HCB,Aetna,Branch-Office,Remote Sites,Branch Office - Farm2,,,Yes,No,No
102,10.146.0.0/16,10.146.0.1 - 10.146.255.254,HCB,Aetna,Branch-Office,Remote Sites,SD-WAN Underlay (VZN),,,Yes,No,No
103,10.161.0.0/16,10.161.0.1 - 10.161.255.254,HCB,Aetna,Branch-Office,Remote Sites,Edge Networks,,,No,No,No
104,10.162.0.0/16,10.162.0.1 - 10.162.255.254,HCB,Aetna,Branch-Office,Remote Sites,Edge Networks,,,Yes,No,No
105,10.163.0.0/16,10.163.0.1 - 10.163.255.254,HCB,Aetna,Branch-Office,Remote Sites,Edge Networks,,,Yes,No,No
106,10.164.0.0/16,10.164.0.1 - 10.164.255.254,HCB,Aetna,Branch-Office,Remote Sites,Edge Networks,,,Yes,No,No
107,10.165.0.0/16,10.165.0.1 - 10.165.255.254,HCB,Aetna,Branch-Office,Remote Sites,Edge Networks,,,Yes,No,No
108,10.166.0.0/16,10.166.0.1 - 10.166.255.254,HCB,Aetna,Branch-Office,Remote Sites,Edge Networks,,,Yes,No,No
109,10.167.0.0/16,10.167.0.1 - 10.167.255.254,HCB,Aetna,Branch-Office,Remote Sites,Edge Networks,,,Yes,No,No
110,10.169.0.0/16,10.169.0.1 - 10.169.255.254,HCB,Aetna,Branch-Office,Remote Sites,All-In-One Ranges,,,Routed to CVS (Partial-Shared),No,No
111,10.170.0.0/16,10.170.0.1 - 10.170.255.254,HCB,Aetna,Branch-Office,Remote Sites,All-In-One Ranges,,,Yes,No,No
112,10.171.0.0/16,10.171.0.1 - 10.171.255.254,HCB,Aetna,Branch-Office,Remote Sites,All-In-One Ranges,,,Yes,No,No
113,10.184.0.0/16,10.184.0.1 - 10.184.255.254,HCB,Aetna,Branch-Office,Remote Sites,Hartford Edge Network,,,Yes,Yes,Yes
114,10.186.0.0/16,10.186.0.1 - 10.186.255.254,HCB,Aetna,Branch-Office,Remote Sites,Bluebell Campus Edge Network,,,Yes,Yes,Yes
115,10.196.0.0/16,10.196.0.1 - 10.196.255.254,HCB,Aetna,Branch-Office,Remote Sites,Branch Office - VOIP Networks,,,Yes,No,No
116,10.197.0.0/16,10.197.0.1 - 10.197.255.254,HCB,Aetna,Branch-Office,Remote Sites,Branch Office - VOIP Networks,,,Yes,No,No
117,10.198.0.0/16,10.198.0.1 - 10.198.255.254,HCB,Aetna,Branch-Office,Remote Sites,Branch Office - VOIP Networks,,,Yes,No,No
118,10.201.0.0/16,10.201.0.1 - 10.201.255.254,HCB,Aetna,Branch-Office,Remote Sites,NEW Branch Voice VLANs,,,Yes,No,No
119,10.211.0.0/16,10.211.0.1 - 10.211.255.254,HCB,Aetna,Branch-Office,Remote Sites,Aetna Remote Sites,,,No,Yes,Yes
120,10.212.0.0/16,10.212.0.1 - 10.212.255.254,HCB,Aetna,Branch-Office,Remote Sites,Aetna Remote Sites,,,No,No,No
121,10.216.0.0/16,10.216.0.1 - 10.216.255.254,HCB,Aetna,Branch-Office,Remote Sites,Hartford Campus VOIP Network,,,Yes,No,No
122,10.246.0.0/16,10.246.0.1 - 10.246.255.254,HCB,Aetna,Branch-Office,Remote Sites,SDWAN Underlay (ATT),,,Yes,No,No
123,10.11.0.0/16,10.11.0.1 - 10.11.255.254,Shared,Retail,Branch-Office,2100,Cumberland CC,,,Yes,Yes,Yes
124,10.97.0.0/16,10.97.0.1 - 10.97.255.254,Shared,PBM,Branch-Office,Remote Sites,Shea Corp Usr Wireless,,,Yes,Yes,Yes
125,10.195.0.0/16,10.195.0.1 - 10.195.255.254,Shared,Retail,Branch-Office,Remote Sites,PBM MISC,,,Yes,Yes,Yes
126,10.218.0.0/16,10.218.0.1 - 10.218.255.254,Shared,PBM,Branch-Office,Remote Sites,Various MPLS/WAN,,,Routed to CVS(Partial),Yes,Yes
127,10.68.0.0/16,10.68.0.1 - 10.68.255.254,CVS,Retail,Cloud,Cloud,Azure (Secure Hub),Equinix_Cloud-Policy,,Routed to CVS,Yes,Yes
128,10.73.0.0/20,10.73.0.1 - 10.73.15.254,CVS,PBM,Cloud,Cloud,3rd Party Cloud Environments,Equinix_Cloud-Policy,,No,Yes,No
129,10.73.16.0/21,10.73.16.1 - 10.73.23.254,CVS,PBM,Cloud,Cloud,3rd Party Cloud Environments,Equinix_Cloud-Policy,,,,
130,10.73.24.0/22,10.73.24.1 - 10.73.27.254,CVS,PBM,Cloud,Cloud,3rd Party Cloud Environments,Equinix_Cloud-Policy,,,,
131,10.73.28.0/22,10.73.28.1 - 10.73.31.254,CVS,PBM,Cloud,Cloud,PING Authentication,Equinix_Cloud-Policy,,,,
132,10.73.32.0/22,10.73.32.1 - 10.73.35.254,CVS,PBM,Cloud,Cloud,PING Authentication,Equinix_Cloud-Policy,,,,
133,10.73.36.0/22,10.73.36.1 - 10.73.39.254,CVS,PBM,Cloud,Cloud,PING Authentication,Equinix_Cloud-Policy,,,,
134,10.73.40.0/22,10.73.40.1 - 10.73.43.254,CVS,PBM,Cloud,Cloud,PING Authentication,Equinix_Cloud-Policy,,,,
135,10.73.44.0/22,10.73.44.1 - 10.73.47.254,CVS,PBM,Cloud,Cloud,PING Authentication,Equinix_Cloud-Policy,,,,
136,10.73.48.0/22,10.73.48.1 - 10.73.51.254,CVS,PBM,Cloud,Cloud,PING Authentication,Equinix_Cloud-Policy,,,,
137,10.73.52.0/22,10.73.52.1 - 10.73.55.254,CVS,PBM,Cloud,Cloud,PING Authentication,Equinix_Cloud-Policy,,,,
138,10.73.56.0/23,10.73.56.1 - 10.73.57.254,CVS,PBM,Cloud,Cloud,WMS Manhattan,Equinix_Cloud-Policy,,,,
139,10.73.58.0/23,10.73.58.1 - 10.73.59.254,CVS,PBM,Cloud,Cloud,3rd Party Cloud Environments,Equinix_Cloud-Policy,,,,
140,10.73.60.0/23,10.73.60.1 - 10.73.61.254,CVS,PBM,Cloud,Cloud,3rd Party Cloud Environments,Equinix_Cloud-Policy,,,,
141,10.73.62.0/23,10.73.62.1 - 10.73.63.254,CVS,PBM,Cloud,Cloud,3rd Party Cloud Environments,Equinix_Cloud-Policy,,,,
142,10.73.64.0/26,10.73.64.1 - 10.73.64.62,CVS,PBM,Cloud,Cloud,3rd Party Cloud Environments,Equinix_Cloud-Policy,,No,Yes,No
143,10.73.64.64/27,10.73.64.65 - 10.73.64.94,CVS,PBM,Cloud,Cloud,3rd Party Cloud Environments,Equinix_Cloud-Policy,,No,Yes,No
144,10.73.64.96/28,10.73.64.97 - 10.73.64.110,CVS,PBM,Cloud,Cloud,GCP - teraprod-clustftd | teraprod-ftd,Equinix_Cloud-Policy,Teradata_Policy,No,Yes,No
145,10.73.64.112/28,10.73.64.113 - 10.73.64.126,CVS,PBM,Cloud,Cloud,3rd Party Cloud Environments,Equinix_Cloud-Policy,,No,Yes,No
146,10.73.64.128/26,10.73.64.129 - 10.73.64.190,CVS,PBM,Cloud,Cloud,3rd Party Cloud Environments,Equinix_Cloud-Policy,,No,Yes,No
147,10.73.64.192/27,10.73.64.193 - 10.73.64.222,CVS,PBM,Cloud,Cloud,3rd Party Cloud Environments,Equinix_Cloud-Policy,,No,Yes,No
148,10.73.64.224/28,10.73.64.225 - 10.73.64.238,CVS,PBM,Cloud,Cloud,GCP - teraprod-clustftd | teraprod-ftd,Equinix_Cloud-Policy,Teradata_Policy,No,Yes,No
149,10.73.64.240/28,10.73.64.241 - 10.73.64.254,CVS,PBM,Cloud,Cloud,3rd Party Cloud Environments,Equinix_Cloud-Policy,,No,Yes,No
150,10.73.65.0/26,10.73.65.1 - 10.73.65.62,CVS,PBM,Cloud,Cloud,3rd Party Cloud Environments,Equinix_Cloud-Policy,,No,Yes,No
151,10.73.65.64/27,10.73.65.65 - 10.73.65.94,CVS,PBM,Cloud,Cloud,3rd Party Cloud Environments,Equinix_Cloud-Policy,,No,Yes,No
152,10.73.65.96/28,10.73.65.97 - 10.73.65.110,CVS,PBM,Cloud,Cloud,GCP - teraprod-clustftd | teraprod-ftd,Equinix_Cloud-Policy,Teradata_Policy,No,Yes,No
153,10.73.65.112/28,10.73.65.113 - 10.73.65.126,CVS,PBM,Cloud,Cloud,3rd Party Cloud Environments,Equinix_Cloud-Policy,,No,Yes,No
154,10.73.65.128/26,10.73.65.129 - 10.73.65.190,CVS,PBM,Cloud,Cloud,3rd Party Cloud Environments,Equinix_Cloud-Policy,,No,Yes,No
155,10.73.65.192/27,10.73.65.193 - 10.73.65.222,CVS,PBM,Cloud,Cloud,3rd Party Cloud Environments,Equinix_Cloud-Policy,,No,Yes,No
156,10.73.65.224/28,10.73.65.225 - 10.73.65.238,CVS,PBM,Cloud,Cloud,GCP - teraprod-clustftd | teraprod-ftd,Equinix_Cloud-Policy,Teradata_Policy,No,Yes,No
157,10.73.65.240/28,10.73.65.241 - 10.73.65.254,CVS,PBM,Cloud,Cloud,3rd Party Cloud Environments,Equinix_Cloud-Policy,,No,Yes,No
158,10.73.66.0/23,10.73.66.1 - 10.73.67.254,CVS,PBM,Cloud,Cloud,3rd Party Cloud Environments,Equinix_Cloud-Policy,,No,Yes,No
159,10.73.68.0/22,10.73.68.1 - 10.73.71.254,CVS,PBM,Cloud,Cloud,3rd Party Cloud Environments,Equinix_Cloud-Policy,,No,Yes,No
160,10.73.72.0/21,10.73.72.1 - 10.73.79.254,CVS,PBM,Cloud,Cloud,3rd Party Cloud Environments,Equinix_Cloud-Policy,,No,Yes,No
161,10.73.80.0/20,10.73.80.1 - 10.73.95.254,CVS,PBM,Cloud,Cloud,3rd Party Cloud Environments,Equinix_Cloud-Policy,,No,Yes,No
162,10.73.96.0/19,10.73.96.1 - 10.73.127.254,CVS,PBM,Cloud,Cloud,3rd Party Cloud Environments,Equinix_Cloud-Policy,,No,Yes,No
163,10.73.128.0/17,10.73.128.1 - 10.73.255.254,CVS,PBM,Cloud,Cloud,3rd Party Cloud Environments,Equinix_Cloud-Policy,,No,Yes,No
164,10.74.0.0/16,10.74.0.1 - 10.74.255.254,CVS,PBM,Cloud,Cloud,Azure - West,Equinix_Cloud-Policy,,Routed to CVS,Yes,Yes
165,10.82.0.0/16,10.82.0.1 - 10.82.255.254,CVS,PBM,Cloud,Cloud,Azure (Secure Hub),Equinix_Cloud-Policy,,No,No,No
166,10.83.0.0/16,10.83.0.1 - 10.83.255.254,CVS,PBM,Cloud,Cloud,Azure,Equinix_Cloud-Policy,,No,No,No
167,10.85.0.0/16,10.85.0.1 - 10.85.255.254,CVS,PBM,Cloud,Cloud,Azure Secure Hub(CVS),Equinix_Cloud-Policy,,No,Yes,Yes
168,10.112.0.0/17,10.112.0.1 - 10.112.127.254,CVS,PBM,Cloud,Cloud,Cloud Network,Equinix_Cloud-Policy,,No,Yes,Yes
169,10.114.0.0/18,10.114.0.1 - 10.114.63.254,CVS,PBM,Cloud,Cloud,GCP - SecureHub Non Prod,Equinix_Cloud-Policy,GCP SecureHUB_ Non-Prod,No,No,No
170,10.114.64.0/18,10.114.64.1 - 10.114.127.254,CVS,PBM,Cloud,Cloud,GCP - SecureHub Non Prod,Equinix_Cloud-Policy,GCP SecureHUB_ Non-Prod,No,No,No
171,10.114.128.0/17,10.114.128.1 - 10.114.255.254,CVS,PBM,Cloud,Cloud,GCP - SecureHub Non Prod,Equinix_Cloud-Policy,GCP SecureHUB_ Non-Prod,No,No,No
172,10.117.0.0/16,10.117.0.1 - 10.117.255.254,CVS,PBM,Cloud,Cloud,GCP PCI and SHUB expansion(CVS),Equinix_Cloud-Policy,,No,Yes,Yes
173,10.133.0.0/16,10.133.0.1 - 10.133.255.254,CVS,Retail,Cloud,Cloud,Rxconnect - Skytap,Equinix_Cloud-Policy,,No,No,No
174,10.143.0.0/16,10.143.0.1 - 10.143.255.254,CVS,PBM,Cloud,Cloud,GCP,Equinix_Cloud-Policy,,Routed to CVS,No,No
175,10.149.0.0/17,10.149.0.1 - 10.149.127.254,CVS,PBM,Cloud,Cloud,GCP,Equinix_Cloud-Policy,,,,
176,10.149.128.0/17,10.149.128.1 - 10.149.255.254,CVS,PBM,Cloud,Cloud,GCP,Equinix_Cloud-Policy,,,,
177,10.155.0.0/16,10.155.0.1 - 10.155.255.254,CVS,PBM,Cloud,Cloud,Azure - SecureHub,Equinix_Cloud-Policy,,Routed to CVS,No,No
178,10.158.0.0/16,10.158.0.1 - 10.158.255.254,CVS,PBM,Cloud,Cloud,GCP,Equinix_Cloud-Policy,,Routed to CVS,No,No
179,10.173.0.0/16,10.173.0.1 - 10.173.255.254,CVS,PBM,Cloud,Cloud,AWS,Equinix_Cloud-Policy,,Routed to CVS,No,No
180,10.175.0.0/16,10.175.0.1 - 10.175.255.254,CVS,PBM,Cloud,Cloud,Azure,Equinix_Cloud-Policy,,Routed to CVS,No,No
181,10.207.0.0/16,10.207.0.1 - 10.207.255.254,CVS,PBM,Cloud,Cloud,Azure - NonProd (East/West3),Equinix_Cloud-Policy,,No,Yes,Yes
182,10.223.0.0/16,10.223.0.1 - 10.223.255.254,CVS,PBM,Cloud,Cloud,Azure,Equinix_Cloud-Policy,,Routed to CVS,Yes,Yes
183,10.229.0.0/16,10.229.0.1 - 10.229.255.254,CVS,PBM,Cloud,Cloud,Azure - SecureHub Non Prod,Equinix_Cloud-Policy,,No,No,No
184,10.236.0.0/17,10.236.0.1 - 10.236.127.254,CVS,PBM,Cloud,Cloud,GCP - SecureHub Prod,Equinix_Cloud-Policy,GCP-SecureHub_PROD,Routed to CVS,No,No
185,10.236.128.0/18,10.236.128.1 - 10.236.191.254,CVS,PBM,Cloud,Cloud,GCP - SecureHub Non Prod,Equinix_Cloud-Policy,GCP SecureHUB_ Non-Prod,Routed to CVS,No,No
186,10.236.192.0/24,10.236.192.1 - 10.236.192.254,CVS,PBM,Cloud,Cloud,GCP - SecureHub Non Prod,Equinix_Cloud-Policy,GCP SecureHUB_ Non-Prod,Routed to CVS,No,No
187,10.236.193.0/24,10.236.193.1 - 10.236.193.254,CVS,PBM,Cloud,Cloud,GCP,Equinix_Cloud-Policy,,Routed to CVS,No,No
188,10.236.194.0/26,10.236.194.1 - 10.236.194.62,CVS,PBM,Cloud,Cloud,GCP - SecureHub Non Prod,Equinix_Cloud-Policy,GCP SecureHUB_ Non-Prod,Routed to CVS,No,No
189,10.236.194.64/26,10.236.194.65 - 10.236.194.126,CVS,PBM,Cloud,Cloud,GCP,Equinix_Cloud-Policy,,Routed to CVS,No,No
190,10.236.194.128/29,10.236.194.129 - 10.236.194.134,CVS,PBM,Cloud,Cloud,GCP,Equinix_Cloud-Policy,,Routed to CVS,No,No
191,10.236.194.136/29,10.236.194.137 - 10.236.194.142,CVS,PBM,Cloud,Cloud,GCP - SecureHub Prod,Equinix_Cloud-Policy,GCP-SecureHub_PROD,Routed to CVS,No,No
192,10.236.194.144/28,10.236.194.145 - 10.236.194.158,CVS,PBM,Cloud,Cloud,GCP,Equinix_Cloud-Policy,,Routed to CVS,No,No
193,10.236.194.160/27,10.236.194.161 - 10.236.194.190,CVS,PBM,Cloud,Cloud,GCP,Equinix_Cloud-Policy,,Routed to CVS,No,No
194,10.236.194.192/26,10.236.194.193 - 10.236.194.254,CVS,PBM,Cloud,Cloud,GCP,Equinix_Cloud-Policy,,Routed to CVS,No,No
195,10.236.195.0/25,10.236.195.1 - 10.236.195.126,CVS,PBM,Cloud,Cloud,GCP,Equinix_Cloud-Policy,,Routed to CVS,No,No
196,10.236.195.128/25,10.236.195.129 - 10.236.195.254,CVS,PBM,Cloud,Cloud,GCP - SecureHub Prod,Equinix_Cloud-Policy,GCP-SecureHub_PROD,Routed to CVS,No,No
197,10.236.196.0/26,10.236.196.1 - 10.236.196.62,CVS,PBM,Cloud,Cloud,GCP,Equinix_Cloud-Policy,,Routed to CVS,No,No
198,10.236.196.64/26,10.236.196.65 - 10.236.196.126,CVS,PBM,Cloud,Cloud,GCP - SecureHub Prod,Equinix_Cloud-Policy,,Routed to CVS,No,No
199,10.236.196.128/25,10.236.196.129 - 10.236.196.254,CVS,PBM,Cloud,Cloud,GCP,Equinix_Cloud-Policy,GCP-SecureHub_PROD,Routed to CVS,No,No
200,10.236.197.0/24,10.236.197.1 - 10.236.197.254,CVS,PBM,Cloud,Cloud,GCP,Equinix_Cloud-Policy,,Routed to CVS,No,No
201,10.236.198.0/24,10.236.198.1 - 10.236.198.254,CVS,PBM,Cloud,Cloud,GCP,Equinix_Cloud-Policy,,Routed to CVS,No,No
202,10.236.199.0/26,10.236.199.1 - 10.236.199.62,CVS,PBM,Cloud,Cloud,GCP,Equinix_Cloud-Policy,,Routed to CVS,No,No
203,10.236.199.64/27,10.236.199.65 - 10.236.199.94,CVS,PBM,Cloud,Cloud,GCP - SecureHub Non Prod,Equinix_Cloud-Policy,GCP SecureHUB_ Non-Prod,Routed to CVS,No,No
204,10.236.199.96/27,10.236.199.97 - 10.236.199.126,CVS,PBM,Cloud,Cloud,GCP,Equinix_Cloud-Policy,,Routed to CVS,No,No
205,10.236.199.128/26,10.236.199.129 - 10.236.199.190,CVS,PBM,Cloud,Cloud,GCP,Equinix_Cloud-Policy,,Routed to CVS,No,No
206,10.236.199.192/27,10.236.199.193 - 10.236.199.222,CVS,PBM,Cloud,Cloud,GCP - SecureHub Prod,Equinix_Cloud-Policy,GCP-SecureHub_PROD,Routed to CVS,No,No
207,10.236.199.224/27,10.236.199.225 - 10.236.199.254,CVS,PBM,Cloud,Cloud,GCP,Equinix_Cloud-Policy,,Routed to CVS,No,No
208,10.236.200.0/21,10.236.200.1 - 10.236.207.254,CVS,PBM,Cloud,Cloud,GCP,Equinix_Cloud-Policy,,Routed to CVS,No,No
209,10.236.208.0/21,10.236.208.1 - 10.236.215.254,CVS,PBM,Cloud,Cloud,GCP - SecureHub Non Prod,Equinix_Cloud-Policy,GCP SecureHUB_ Non-Prod,Routed to CVS,No,No
210,10.236.216.0/21,10.236.216.1 - 10.236.223.254,CVS,PBM,Cloud,Cloud,GCP,Equinix_Cloud-Policy,,Routed to CVS,No,No
211,10.236.224.0/21,10.236.224.1 - 10.236.231.254,CVS,PBM,Cloud,Cloud,GCP,Equinix_Cloud-Policy,,Routed to CVS,No,No
212,10.236.232.0/21,10.236.232.1 - 10.236.239.254,CVS,PBM,Cloud,Cloud,GCP - SecureHub Prod,Equinix_Cloud-Policy,GCP-SecureHub_PROD,Routed to CVS,No,No
213,10.236.240.0/22,10.236.240.1 - 10.236.243.254,CVS,PBM,Cloud,Cloud,GCP,Equinix_Cloud-Policy,,Routed to CVS,No,No
214,10.236.244.0/26,10.236.244.1 - 10.236.244.62,CVS,PBM,Cloud,Cloud,GCP,Equinix_Cloud-Policy,,Routed to CVS,No,No
215,10.236.244.64/27,10.236.244.65 - 10.236.244.94,CVS,PBM,Cloud,Cloud,GCP,Equinix_Cloud-Policy,,Routed to CVS,No,No
216,10.236.244.96/28,10.236.244.97 - 10.236.244.110,CVS,PBM,Cloud,Cloud,GCP,Equinix_Cloud-Policy,,Routed to CVS,No,No
217,10.236.244.112/29,10.236.244.113 - 10.236.244.118,CVS,PBM,Cloud,Cloud,GCP,Equinix_Cloud-Policy,,Routed to CVS,No,No
218,10.236.244.120/29,10.236.244.121 - 10.236.244.126,CVS,PBM,Cloud,Cloud,GCP - SecureHub Non Prod,Equinix_Cloud-Policy,GCP SecureHUB_ Non-Prod,Routed to CVS,No,No
219,10.236.244.128/26,10.236.244.129 - 10.236.244.190,CVS,PBM,Cloud,Cloud,GCP,Equinix_Cloud-Policy,,Routed to CVS,No,No
220,10.236.244.192/27,10.236.244.193 - 10.236.244.222,CVS,PBM,Cloud,Cloud,GCP - SecureHub Non Prod,Equinix_Cloud-Policy,GCP SecureHUB_ Non-Prod,Routed to CVS,No,No
221,10.236.244.224/27,10.236.244.225 - 10.236.244.254,CVS,PBM,Cloud,Cloud,GCP,Equinix_Cloud-Policy,,Routed to CVS,No,No
222,10.236.245.0/25,10.236.245.1 - 10.236.245.126,CVS,PBM,Cloud,Cloud,GCP,Equinix_Cloud-Policy,,Routed to CVS,No,No
223,10.236.245.128/27,10.236.245.129 - 10.236.245.158,CVS,PBM,Cloud,Cloud,GCP,Equinix_Cloud-Policy,,Routed to CVS,No,No
224,10.236.245.160/27,10.236.245.161 - 10.236.245.190,CVS,PBM,Cloud,Cloud,GCP - SecureHub Prod,Equinix_Cloud-Policy,GCP-SecureHub_PROD,Routed to CVS,No,No
225,10.236.245.192/27,10.236.245.193 - 10.236.245.222,CVS,PBM,Cloud,Cloud,GCP,Equinix_Cloud-Policy,,Routed to CVS,No,No
226,10.236.245.224/27,10.236.245.225 - 10.236.245.254,CVS,PBM,Cloud,Cloud,GCP - SecureHub Prod,Equinix_Cloud-Policy,GCP-SecureHub_PROD,Routed to CVS,No,No
227,10.236.246.0/24,10.236.246.1 - 10.236.246.254,CVS,PBM,Cloud,Cloud,GCP,Equinix_Cloud-Policy,,Routed to CVS,No,No
228,10.236.247.0/25,10.236.247.1 - 10.236.247.126,CVS,PBM,Cloud,Cloud,GCP,Equinix_Cloud-Policy,,Routed to CVS,No,No
229,10.236.247.128/26,10.236.247.129 - 10.236.247.190,CVS,PBM,Cloud,Cloud,GCP,Equinix_Cloud-Policy,,Routed to CVS,No,No
230,10.236.247.192/27,10.236.247.193 - 10.236.247.222,CVS,PBM,Cloud,Cloud,GCP - SecureHub Non Prod,Equinix_Cloud-Policy,GCP SecureHUB_ Non-Prod,Routed to CVS,No,No
231,10.236.247.224/27,10.236.247.225 - 10.236.247.254,CVS,PBM,Cloud,Cloud,GCP,Equinix_Cloud-Policy,,Routed to CVS,No,No
232,10.236.248.0/21,10.236.248.1 - 10.236.255.254,CVS,PBM,Cloud,Cloud,GCP,Equinix_Cloud-Policy,,Routed to CVS,No,No
233,10.242.0.0/16,10.242.0.1 - 10.242.255.254,CVS,PBM,Cloud,Cloud,Azure,Equinix_Cloud-Policy,,Routed to CVS,No,No
234,10.243.0.0/16,10.243.0.1 - 10.243.255.254,CVS,PBM,Cloud,Cloud,Azure,Equinix_Cloud-Policy,,Routed to CVS,Yes,Yes
235,10.33.0.0/16,10.33.0.1 - 10.33.255.254,HCB,Aetna,Cloud,Cloud,3rd Party Cloud Environments,hcb-cloud-policy,,No,No,No
236,10.86.0.0/16,10.86.0.1 - 10.86.255.254,HCB,Aetna,Cloud,Cloud,Azure for PDCHS Affiliate,hcb-cloud-policy,,No,No,No
237,10.141.0.0/16,10.141.0.1 - 10.141.255.254,HCB,Aetna,Cloud,Cloud,Azure (VDI),hcb-cloud-policy,,Yes,No,No
238,10.142.0.0/16,10.142.0.1 - 10.142.255.254,HCB,Aetna,Cloud,Cloud,Azure (VDI),hcb-cloud-policy,,No,No,No
239,10.157.0.0/16,10.157.0.1 - 10.157.255.254,HCB,Aetna,Cloud,Cloud,GCP,hcb-cloud-policy,,Yes,No,No
240,10.159.0.0/16,10.159.0.1 - 10.159.255.254,HCB,Aetna,Cloud,Cloud,Azure,hcb-cloud-policy,,Yes,No,No
241,10.174.0.0/16,10.174.0.1 - 10.174.255.254,HCB,Aetna,Cloud,Cloud,AWS,hcb-cloud-policy,,No,No,No
242,10.208.0.0/16,10.208.0.1 - 10.208.255.254,HCB,Aetna,Cloud,Cloud,AWS,hcb-cloud-policy,,Yes,Yes,Yes
243,10.209.0.0/16,10.209.0.1 - 10.209.255.254,HCB,Aetna,Cloud,Cloud,Azure,hcb-cloud-policy,,Yes,No,No
244,10.210.0.0/16,10.210.0.1 - 10.210.255.254,HCB,Aetna,Cloud,Cloud,Azure (Aetna International),hcb-cloud-policy,,Yes,Yes,Yes
245,10.245.0.0/16,10.245.0.1 - 10.245.255.254,HCB,Aetna,Cloud,Cloud,AWS,hcb-cloud-policy,,No,No,No
246,10.247.0.0/16,10.247.0.1 - 10.247.255.254,HCB,Aetna,Cloud,Cloud,GCP,hcb-cloud-policy,,No,No,No
247,10.252.0.0/16,10.252.0.1 - 10.252.255.254,HCB,Aetna,Cloud,Cloud,GCP,hcb-cloud-policy,,Yes,No,No
248,10.45.0.0/16,10.45.0.1 - 10.45.255.254,Conflict,Conflict,DataCenter,Mixed,DC Networks (PDC vs. WON),,,Yes,Yes,Yes
249,10.249.0.0/16,10.249.0.1 - 10.249.255.254,Conflict,Conflict,DataCenter,1CVS,DC to DC conflict (Frozen on HCB Network - Expanding on PBM/Retail),,,Yes,No,No
250,10.0.0.0/16,10.0.0.1 - 10.0.255.254,CVS,Retail,DataCenter,2100,Retail Supernet,,,Yes,Yes,Yes
251,10.3.0.0/16,10.3.0.1 - 10.3.255.254,CVS,Retail,DataCenter,1CVS,RxAmerica,,,No,Yes,Yes
252,10.4.0.0/16,10.4.0.1 - 10.4.255.254,CVS,Retail,DataCenter,1CVS,DataCenter Networks,,,No,Yes,Yes
253,10.5.0.0/16,10.5.0.1 - 10.5.255.254,CVS,PBM,DataCenter,Shea,DataCenter Networks,,,Routed to CVS,No,Yes
254,10.6.0.0/16,10.6.0.1 - 10.6.255.254,CVS,Retail,DataCenter,2100,DataCenter Networks,,,Routed to CVS,Yes,Yes
255,10.7.0.0/16,10.7.0.1 - 10.7.255.254,CVS,Retail,DataCenter,1CVS,DataCenter Networks,,,No,Yes,Yes
256,10.9.0.0/16,10.9.0.1 - 10.9.255.254,CVS,PBM,DataCenter,Shea,DataCenter Networks,,,Routed to CVS,Yes,Yes
257,10.16.0.0/16,10.16.0.1 - 10.16.255.254,CVS,Retail,DataCenter,1CVS,DataCenter Networks,,,No,Yes,Yes
258,10.18.0.0/16,10.18.0.1 - 10.18.255.254,CVS,Retail,DataCenter,1CVS+2100,DataCenter Networks,,,Routed to CVS,Yes,Yes
259,10.19.0.0/16,10.19.0.1 - 10.19.255.254,CVS,PBM,DataCenter,1CVS,DataCenter Networks,,,No,Yes,Yes
260,10.20.0.0/16,10.20.0.0 - 10.20.255.255,CVS,PBM,COLO,Las Vegas,Datacenter Networks (CO-LO Switch),,,Yes,Yes,Yes
261,10.36.0.0/16,10.36.0.1 - 10.36.255.254,CVS,PBM,DataCenter,Shea,Partnet - AmerisourceBergen,,,No,Yes,Yes
262,10.62.0.0/16,10.62.0.0 - 10.62.255.255,CVS,PBM,DataCenter,Shea,DataCenter Network - (XPE DMZ),,,No,Yes,Yes
263,10.65.0.0/16,10.65.0.0 - 10.65.255.255,CVS,Retail,DataCenter,1CVS,DataCenter Networks - RXConnect,,,No,Yes,Yes
264,10.67.0.0/16,10.67.0.0 - 10.67.255.255,CVS,Retail,DataCenter,1CVS+2100,DataCenter Networks,,,No,Yes,Yes
265,10.72.0.0/16,10.72.0.0 - 10.72.255.255,CVS,Retail,DataCenter,2100,DataCenter Networks - Watertown,,,Routed to CVS,Yes,Yes
266,10.77.0.0/16,10.77.0.0 - 10.77.255.255,CVS,Retail,DataCenter,2100,DataCenter Networks,,,Routed to CVS (GLR),Yes,Yes
267,10.78.0.0/16,10.78.0.0 - 10.78.255.255,CVS,Retail,DataCenter,1CVS+2100,DataCenter Network - RXConnect,,,Routed to CVS (GLR),Yes,Yes
268,10.79.0.0/16,10.79.0.0 - 10.79.255.255,CVS,Retail,DataCenter,2100,DataCenter Network - RXConnect,,,Routed to CVS,Yes,Yes
269,10.92.0.0/16,10.92.0.0 - 10.92.255.255,CVS,Retail,DataCenter,1CVS,DataCenter Networks - RXConnect,,,Yes,Yes,Yes
270,10.93.0.0/16,10.93.0.0 - 10.93.255.255,CVS,PBM,DataCenter,Shea,DataCenter Networks,,,Routed to CVS,Yes,Yes
271,10.94.0.0/16,10.94.0.0 - 10.94.255.255,CVS,PBM,DataCenter,Shea,DataCenter Networks,,,Yes,Yes,Yes
272,10.110.0.0/16,10.110.0.0 - 10.110.255.255,CVS,PBM,DataCenter,Shea,DataCenter Networks,,,No,Yes,Yes
273,10.118.0.0/16,10.118.0.0 - 10.118.255.255,CVS,PBM,DataCenter,Shea,DataCenter Networks,,,No,No,No
274,10.119.0.0/16,10.119.0.0 - 10.119.255.255,CVS,PBM,DataCenter,Shea,DataCenter Networks,,,Routed to CVS,Yes,Yes
275,10.123.0.0/16,10.123.0.0 - 10.123.255.255,CVS,PBM,DataCenter,Shea,DataCenter Networks (Mixed with Omnicare),,,Routed to CVS,Yes,Yes
276,10.124.0.0/16,10.124.0.0 - 10.124.255.255,CVS,PBM,DataCenter,Shea,DataCenter Networks (Mixed with Omnicare),,,Routed to CVS,Yes,Yes
277,10.127.0.0/16,10.127.0.0 - 10.127.255.255,CVS,PBM,DataCenter,Shea,DataCenter Networks,,,No,Yes,Yes
278,10.128.0.0/16,10.128.0.0 - 10.128.255.255,CVS,PBM,DataCenter,Shea,DataCenter Networks - Backup Network,,,No,Yes,Yes
279,10.129.0.0/16,10.129.0.0 - 10.129.255.255,CVS,PBM,DataCenter,Shea,DataCenter Networks,,,No,No,No
280,10.131.0.0/16,10.131.0.0 - 10.131.255.255,CVS,PBM,DataCenter,Shea,DataCenter Networks,,,No,Yes,Yes
281,10.134.0.0/16,10.134.0.0 - 10.134.255.255,CVS,Retail,DataCenter,1CVS+2100,DataCenter Networks,,,Routed to CVS (GLR),Yes,Yes
282,10.156.0.0/16,10.156.0.0 - 10.156.255.255,CVS,Retail,DataCenter,2100,DataCenter Networks,,,Routed to CVS (Partial),Yes,Yes
283,10.180.0.0/16,10.180.0.0 - 10.180.255.255,CVS,PBM,DataCenter,VPN,DataCenter Networks,,,No,No,No
284,10.181.0.0/16,10.181.0.0 - 10.181.255.255,CVS,PBM,DataCenter,VPN,DataCenter Networks,,,No,No,No
285,10.200.0.0/16,10.200.0.0 - 10.200.255.255,CVS,Retail,DataCenter,1CVS,PBM MISC,,,No,Yes,Yes
286,10.203.0.0/16,10.203.0.0 - 10.203.255.255,CVS,Retail,DataCenter,Remote Sites,Mix of Omnicare and PBM,,,No,Yes,Yes
287,10.204.0.0/16,10.204.0.0 - 10.204.255.255,CVS,PBM,DataCenter,Shea,DataCenter Networks,,,No,Yes,Yes
288,10.214.0.0/16,10.214.0.0 - 10.214.255.255,CVS,PBM,DataCenter,Shea,DataCenter - Shea ACI,,,Routed to CVS,Yes,Yes
289,10.217.0.0/16,10.217.0.0 - 10.217.255.255,CVS,PBM,DataCenter,Shea,DataCenter - Shea ACI,,,Routed to CVS,Yes,Yes
290,10.220.0.0/16,10.220.0.0 - 10.220.255.255,CVS,Retail,DataCenter,2100,DataCenter - ACI Fabric,,,Routed to CVS (Clean Up Item),Yes,Yes
291,10.221.0.0/16,10.221.0.0 - 10.221.255.255,CVS,Retail,DataCenter,1CVS,DataCenter - ACI Fabric,,,Routed to CVS,Yes,Yes
292,10.222.0.0/16,10.222.0.0 - 10.222.255.255,CVS,PBM,DataCenter,Shea,DataCenter Networks,,,No,Yes,Yes
293,10.226.0.0/16,10.226.0.0 - 10.226.255.255,CVS,PBM,DataCenter,Shea,DataCenter Networks,,,No,Yes,Yes
294,10.227.0.0/16,10.227.0.0 - 10.227.255.255,CVS,PBM,DataCenter,Shea,DataCenter Networks,,,No,Yes,Yes
295,10.228.0.0/16,10.228.0.0 - 10.228.255.255,CVS,Retail,DataCenter,1CVS+2100,DataCenter Networks,,,Routed to CVS,Yes,Yes
296,10.230.0.0/16,10.230.0.0 - 10.230.255.255,CVS,Retail,DataCenter,2100,SIP - Store HeadEnds,,,No,Yes,Yes
297,10.231.0.0/16,10.231.0.0 - 10.231.255.255,CVS,Retail,DataCenter,Shea,SIP - Store HeadEnds,,,No,Yes,Yes
298,10.237.0.0/16,10.237.0.0 - 10.237.255.255,CVS,Retail,DataCenter,1CVS,Minute Clinic,,,No,Yes,Yes
299,10.244.0.0/16,10.244.0.0 - 10.244.255.255,CVS,Retail,DataCenter,1CVS,DataCenter Networks,,,No,No,No
300,10.248.0.0/16,10.248.0.0 - 10.248.255.255,CVS,Retail,DataCenter,1CVS,DataCenter Networks,,,No,No,No
301,10.253.0.0/16,10.253.0.0 - 10.253.255.255,CVS,Retail,DataCenter,1CVS,DataCenter Networks,,,Routed to CVS,Yes,Yes
302,204.99.0.0/16,204.99.0.0 - 204.99.255.255,CVS,PBM,DataCenter,Shea,DataCenter Networks,,,Yes,Yes,Yes
303,10.28.0.0/16,10.28.0.0 - 10.28.255.255,HCB,Aetna,DataCenter,Middletown,NAT to DMZ F5,,,Yes,No,No
304,10.29.0.0/16,10.29.0.0 - 10.29.255.255,HCB,Aetna,DataCenter,Windsor,NAT to DMZ F5,,,Yes,No,No
305,10.40.0.0/16,10.40.0.0 - 10.40.255.255,HCB,Aetna,DataCenter,Phoenix,CVTY DataCenter Networks,,,Yes,No,No
306,10.42.0.0/16,10.42.0.0 - 10.42.255.255,HCB,Aetna,DataCenter,Phoenix,PDCHS DataCenter Networks,,,Yes,Yes,Yes
307,10.43.0.0/16,10.43.0.0 - 10.43.255.255,HCB,Aetna,DataCenter,Phoenix,PDCHS DataCenter Networks,,,Yes,Yes,Yes
308,10.46.0.0/16,10.46.0.0 - 10.46.255.255,HCB,Aetna,DataCenter,Phoenix,CVTY DataCenter Networks,,,Yes,No,No
309,10.47.0.0/16,10.47.0.0 - 10.47.255.255,HCB,Aetna,DataCenter,Middletown,Middletown,,,Yes,No,No
310,10.52.0.0/16,10.52.0.0 - 10.52.255.255,HCB,Aetna,DataCenter,Middletown,F5 - Test and QA VIP Pool,,,Yes,No,No
311,10.53.0.0/16,10.53.0.0 - 10.53.255.255,HCB,Aetna,DataCenter,Middletown,F5 - Test and QA VIP Pool,,,Yes,No,No
312,10.54.0.0/16,10.54.0.0 - 10.54.255.255,HCB,Aetna,DataCenter,Middletown,DataCenter - Management IP,,,Yes,No,No
313,10.102.0.0/16,10.102.0.0 - 10.102.255.255,HCB,Aetna,DataCenter,Windsor,DataCenter - PBX,,,Yes,No,No
314,10.103.0.0/16,10.103.0.0 - 10.103.255.255,HCB,Aetna,DataCenter,Phoenix,AETH Server Networks,,,Yes,Yes,Yes
315,10.104.0.0/16,10.104.0.0 - 10.104.255.255,HCB,Aetna,DataCenter,Middletown,DataCenter - PBX,,,Yes,Yes,Yes
316,10.105.0.0/16,10.105.0.0 - 10.105.255.255,HCB,Aetna,DataCenter,Windsor,DataCenter - PBX,,,Yes,Yes,Yes
317,10.144.0.0/16,10.144.0.0 - 10.144.255.25,HCB,Aetna,DataCenter,Phoenix,CVTY DataCenter Networks,,,Yes,No,No
318,10.251.0.0/16,10.251.0.0 - 10.251.255.255,HCB,Aetna,DataCenter,Phoenix,CVTY DataCenter Networks,,,Yes,No,No
319,167.69.0.0/16,167.69.0.0 - 167.69.255.255,HCB,Aetna,DataCenter,MID+WIN,DataCenter Networks,,,Yes,Routed to HCB,Routed to HCB
320,157.121.0.0/16,157.121.0.0 - 157.121.255.255,HCB,Aetna,DataCenter,MID+WIN,DataCenter Networks,,,Yes,Routed to HCB,Routed to HCB
321,206.213.192.0/18,206.213.192.0 - 206.213.255.255,HCB,Aetna,DataCenter,MID+WIN,Internet / External Facing Networks,,,Yes,Routed to HCB,Routed to HCB
322,12.10.217.0/24,12.10.217.0 - 12.10.217.255,HCB,Aetna,DataCenter,PDC,Internet / External Facing Networks,,,Yes,No,No
323,65.241.18.0/24,65.241.18.0 - 65.241.18.255,HCB,Aetna,DataCenter,PDC,Internet / External Facing Networks,,,Yes,No,No
324,208.66.124.0/24,208.66.124.0 - 208.66.124.255,HCB,Aetna,DataCenter,Windsor,Internet / External Facing Networks,,,Yes,No,No
325,62.73.149.0/24,62.73.149.0 - 62.73.149.255,HCB,Aetna,DataCenter,LON,Internet / External Facing Networks,,,Yes,No,No
326,204.124.108.0/22,204.124.108.0 - 204.124.111.255,HCB,Aetna,DataCenter,M and A,Internet / External Facing Networks,,,Yes,No,No
327,12.252.19.128/29,12.252.19.128 - 12.252.19.135,HCB,Aetna,DataCenter,MID,VizNet External NAT Pool,,,Yes,No,No
328,10.8.0.0/16,10.8.0.0 - 10.8.255.255,Shared,Retail,DataCenter,1CVS,DataCenter Networks,,,Yes,Yes,Yes
329,10.10.0.0/16,10.10.0.0 - 10.10.255.255,Shared,PBM,DataCenter,Shea,DataCenter Networks,,,Yes,Yes,Yes
330,10.55.0.0/16,10.55.0.0 - 10.55.255.255,Shared,PBM,DataCenter,Shea,DataCenter Networks,,,Yes,Yes,Yes
331,10.1.0.0/16,10.1.0.0 - 10.1.255.255,Shared,PBM,Private,Shea,AZ Shea Data / IVR / Voice,,,No,Yes,Yes
332,10.66.0.0/16,10.66.0.0 - 10.66.255.255,CVS,Retail,Unknown,Unknown,Unknown - Need to chase this one out,,,No,No,No
333,10.70.0.0/16,10.70.0.0 - 10.70.255.255,CVS,Retail,Unknown,Unknown,,,,No,No,No
334,10.250.0.0/16,10.250.0.0 - 10.250.255.255,CVS,Retail,Unknown,Unknown,Unknown - Need to chase this one out,,,No,No,No
335,10.255.0.0/16,10.255.0.0 - 10.255.255.255,CVS,Retail,Unknown,Unknown,,,,No,No,No
336,10.98.0.0/16,10.98.0.0 - 10.98.255.255,CVS,PBM,VDI,Cloud,Azure VDI - PSS,,,No,Yes,Yes
337,10.99.0.0/16,10.99.0.0 - 10.99.255.255,HCB,Aetna,VDI,Middletown,VDI Networks,,,Yes,No,No
338,10.176.0.0/16,10.176.0.0 - 10.176.255.255,HCB,Aetna,VDI,Middletown,TechM DaaS Ranges - VDI,,,Yes,No,No
339,10.177.0.0/16,10.177.0.0 - 10.177.255.255,HCB,Aetna,VDI,Middletown,TechM DaaS Ranges - VDI,,,Yes,No,No
340,10.178.0.0/16,10.178.0.0 - 10.178.255.255,HCB,Aetna,VDI,Windsor,TechM DaaS Ranges - VDI,,,Yes,No,No
341,10.179.0.0/16,10.179.0.0 - 10.179.255.255,HCB,Aetna,VDI,Windsor,TechM DaaS Ranges - VDI,,,Yes,No,No
342,10.138.0.0/16,10.138.0.0 - 10.138.255.255,CVS,Retail,VPN,1CVS,VPN - AnyConnect,,,No,Yes,No
343,10.139.0.0/16,10.139.0.0 - 10.139.255.255,CVS,PBM,VPN,Shea,VPN - AnyConnect,,,No,No,No
344,10.148.0.0/16,10.148.0.0 - 10.148.255.255,CVS,Retail,VPN,1CVS,VPN - AnyConnect,,,No,Yes,Yes
345,10.205.0.0/16,10.205.0.0 - 10.205.255.255,CVS,PBM,VPN,Shea,VPN - AnyConnect,,,No,Yes,Yes
346,10.219.0.0/16,10.219.0.0 - 10.219.255.255,CVS,PBM,VPN,Shea,AnyConnect Expansion,,,No,No,No
347,10.44.0.0/16,10.44.0.0 - 10.44.255.255,HCB,Aetna,VPN,Phoenix,CVTY DataCenter Networks,,,Yes,Yes,Yes
348,10.56.0.0/16,10.56.0.0 - 10.56.255.255,HCB,Aetna,VPN,Middletown,VPN - AnyConnect,,,Yes,No,No
349,10.57.0.0/16,10.57.0.0 - 10.57.255.255,HCB,Aetna,VPN,Windsor,VPN - AnyConnect,,,Yes,No,No
350,10.59.0.0/16,10.59.0.0 - 10.59.255.255,HCB,Aetna,VPN,Middletown,VPN - Meraki Telework,,,Yes,No,No
351,10.60.0.0/16,10.60.0.0 - 10.60.255.255,HCB,Aetna,VPN,Middletown,VPN - AnyConnect,,,Yes,No,No
352,10.61.0.0/16,10.61.0.0 - 10.61.255.255,HCB,Aetna,VPN,Windsor,VPN - AnyConnect,,,Yes,No,No
353,10.63.0.0/16,10.63.0.0 - 10.63.255.255,HCB,Aetna,VPN,Windsor,VPN - Meraki Telework,,,,,